,station_id,year,avg_ridership
0,40010,2001,38855.0
1,40010,2002,40928.0
2,40010,2003,41670.0
3,40010,2004,40385.0
4,40010,2005,40838.0
5,40010,2006,41686.0
6,40010,2007,41561.0
7,40010,2008,46824.0
8,40010,2009,46342.0
9,40010,2010,48507.0
10,40010,2011,51768.0
11,40010,2012,53616.0
12,40010,2013,53141.0
13,40010,2014,53227.0
14,40010,2015,52914.0
15,40010,2016,52216.0
16,40010,2017,49944.0
17,40010,2018,47472.0
18,40010,2019,45294.0
19,40020,2001,86109.0
20,40020,2002,82646.0
21,40020,2003,81716.0
22,40020,2004,80587.0
23,40020,2005,84374.0
24,40020,2006,90069.0
25,40020,2007,94584.0
26,40020,2008,101846.0
27,40020,2009,95363.0
28,40020,2010,95740.0
29,40020,2011,96599.0
30,40020,2012,100778.0
31,40020,2013,102351.0
32,40020,2014,106548.0
33,40020,2015,105530.0
34,40020,2016,97464.0
35,40020,2017,97635.0
36,40020,2018,97087.0
37,40020,2019,91818.0
38,40030,2001,38168.0
39,40030,2002,35078.0
40,40030,2003,35617.0
41,40030,2004,30198.0
42,40030,2005,36488.0
43,40030,2006,40271.0
44,40030,2007,42203.0
45,40030,2008,45025.0
46,40030,2009,48082.0
47,40030,2010,53864.0
48,40030,2011,54576.0
49,40030,2012,55985.0
50,40030,2013,51132.0
51,40030,2014,50527.0
52,40030,2015,47168.0
53,40030,2016,40028.0
54,40030,2017,37620.0
55,40030,2018,37238.0
56,40030,2019,37958.0
57,40040,2001,170725.0
58,40040,2002,165039.0
59,40040,2003,154172.0
60,40040,2004,146718.0
61,40040,2005,149092.0
62,40040,2006,159506.0
63,40040,2007,159323.0
64,40040,2008,168745.0
65,40040,2009,170798.0
66,40040,2010,166626.0
67,40040,2011,183113.0
68,40040,2012,184427.0
69,40040,2013,185044.0
70,40040,2014,190696.0
71,40040,2015,182758.0
72,40040,2016,186506.0
73,40040,2017,185204.0
74,40040,2018,181935.0
75,40040,2019,182363.0
76,40050,2001,95433.0
77,40050,2002,97795.0
78,40050,2003,100791.0
79,40050,2004,97691.0
80,40050,2005,98928.0
81,40050,2006,99065.0
82,40050,2007,98786.0
83,40050,2008,105441.0
84,40050,2009,103588.0
85,40050,2010,102168.0
86,40050,2011,103839.0
87,40050,2012,104415.0
88,40050,2013,103016.0
89,40050,2014,104850.0
90,40050,2015,103930.0
91,40050,2016,100214.0
92,40050,2017,97039.0
93,40050,2018,96000.0
94,40050,2019,90953.0
95,40060,2001,115116.0
96,40060,2002,110387.0
97,40060,2003,109502.0
98,40060,2004,111633.0
99,40060,2005,117640.0
100,40060,2006,122740.0
101,40060,2007,113037.0
102,40060,2008,117490.0
103,40060,2009,113296.0
104,40060,2010,120198.0
105,40060,2011,129055.0
106,40060,2012,138890.0
107,40060,2013,142722.0
108,40060,2014,141005.0
109,40060,2015,148130.0
110,40060,2016,149804.0
111,40060,2017,144154.0
112,40060,2018,125839.0
113,40060,2019,121678.0
114,40070,2001,175361.0
115,40070,2002,192232.0
116,40070,2003,176453.0
117,40070,2004,167682.0
118,40070,2005,171776.0
119,40070,2006,155998.0
120,40070,2007,159899.0
121,40070,2008,188139.0
122,40070,2009,176507.0
123,40070,2010,186193.0
124,40070,2011,193094.0
125,40070,2012,201597.0
126,40070,2013,204956.0
127,40070,2014,196463.0
128,40070,2015,200147.0
129,40070,2016,193289.0
130,40070,2017,179965.0
131,40070,2018,174221.0
132,40070,2019,169277.0
133,40080,2001,119216.0
134,40080,2002,121493.0
135,40080,2003,119885.0
136,40080,2004,114406.0
137,40080,2005,119602.0
138,40080,2006,124435.0
139,40080,2007,121131.0
140,40080,2008,133544.0
141,40080,2009,131464.0
142,40080,2010,136038.0
143,40080,2011,142370.0
144,40080,2012,147609.0
145,40080,2013,149704.0
146,40080,2014,151952.0
147,40080,2015,153890.0
148,40080,2016,155207.0
149,40080,2017,143853.0
150,40080,2018,132721.0
151,40080,2019,125322.0
152,40090,2001,51684.0
153,40090,2002,49584.0
154,40090,2003,48869.0
155,40090,2004,45962.0
156,40090,2005,46950.0
157,40090,2006,50320.0
158,40090,2007,58124.0
159,40090,2008,846.0
160,40090,2009,47570.0
161,40090,2010,54099.0
162,40090,2011,58112.0
163,40090,2012,63886.0
164,40090,2013,66203.0
165,40090,2014,67673.0
166,40090,2015,69648.0
167,40090,2016,74771.0
168,40090,2017,72802.0
169,40090,2018,71477.0
170,40090,2019,69856.0
171,40100,2001,117698.0
172,40100,2002,113436.0
173,40100,2003,107154.0
174,40100,2004,101146.0
175,40100,2005,101566.0
176,40100,2006,105786.0
177,40100,2007,104322.0
178,40100,2008,109251.0
179,40100,2009,113529.0
180,40100,2010,114978.0
181,40100,2011,123767.0
182,40100,2012,110577.0
183,40100,2013,126945.0
184,40100,2014,137964.0
185,40100,2015,136353.0
186,40100,2016,133023.0
187,40100,2017,126112.0
188,40100,2018,122093.0
189,40100,2019,115656.0
190,40120,2001,52288.0
191,40120,2002,54428.0
192,40120,2003,56688.0
193,40120,2004,56948.0
194,40120,2005,60605.0
195,40120,2006,64120.0
196,40120,2007,66961.0
197,40120,2008,69520.0
198,40120,2009,65835.0
199,40120,2010,66188.0
200,40120,2011,71100.0
201,40120,2012,75987.0
202,40120,2013,78016.0
203,40120,2014,78055.0
204,40120,2015,81925.0
205,40120,2016,82038.0
206,40120,2017,79683.0
207,40120,2018,76562.0
208,40120,2019,74691.0
209,40130,2001,30546.0
210,40130,2002,28355.0
211,40130,2003,27820.0
212,40130,2004,26032.0
213,40130,2005,26668.0
214,40130,2006,28281.0
215,40130,2007,28385.0
216,40130,2008,29006.0
217,40130,2009,28156.0
218,40130,2010,28625.0
219,40130,2011,29948.0
220,40130,2012,30874.0
221,40130,2013,37287.0
222,40130,2014,30192.0
223,40130,2015,30232.0
224,40130,2016,27448.0
225,40130,2017,25363.0
226,40130,2018,27273.0
227,40130,2019,24009.0
228,40140,2001,56675.0
229,40140,2002,55931.0
230,40140,2003,52718.0
231,40140,2004,50666.0
232,40140,2005,51854.0
233,40140,2006,50958.0
234,40140,2007,48972.0
235,40140,2008,59014.0
236,40140,2009,62029.0
237,40140,2010,65038.0
238,40140,2011,65601.0
239,40140,2012,63190.0
240,40140,2013,58120.0
241,40140,2014,57113.0
242,40140,2015,26960.0
243,40140,2016,50688.0
244,40140,2017,51450.0
245,40140,2018,49792.0
246,40140,2019,46444.0
247,40150,2001,10026.0
248,40150,2002,7398.0
249,40150,2003,5709.0
250,40150,2004,9161.0
251,40150,2005,15592.0
252,40150,2006,19619.0
253,40150,2007,22646.0
254,40150,2008,27235.0
255,40150,2009,27305.0
256,40150,2010,29122.0
257,40150,2011,31328.0
258,40150,2012,33322.0
259,40150,2013,32400.0
260,40150,2014,34498.0
261,40150,2015,34299.0
262,40150,2016,30751.0
263,40150,2017,28407.0
264,40150,2018,27705.0
265,40150,2019,27368.0
266,40160,2001,73931.0
267,40160,2002,68897.0
268,40160,2003,67525.0
269,40160,2004,63936.0
270,40160,2005,63511.0
271,40160,2006,68490.0
272,40160,2007,69432.0
273,40160,2008,72574.0
274,40160,2009,69933.0
275,40160,2010,66236.0
276,40160,2011,69998.0
277,40160,2012,67686.0
278,40160,2013,66489.0
279,40160,2014,68416.0
280,40160,2015,64530.0
281,40160,2016,67238.0
282,40160,2017,67677.0
283,40160,2018,69084.0
284,40160,2019,69172.0
285,40170,2001,36527.0
286,40170,2002,37687.0
287,40170,2003,37066.0
288,40170,2004,36681.0
289,40170,2005,39978.0
290,40170,2006,47178.0
291,40170,2007,57394.0
292,40170,2008,62250.0
293,40170,2009,62216.0
294,40170,2010,61718.0
295,40170,2011,66283.0
296,40170,2012,66733.0
297,40170,2013,65060.0
298,40170,2014,65209.0
299,40170,2015,67583.0
300,40170,2016,63287.0
301,40170,2017,61649.0
302,40170,2018,62399.0
303,40170,2019,62089.0
304,40180,2001,34323.0
305,40180,2002,34524.0
306,40180,2003,34894.0
307,40180,2004,35036.0
308,40180,2005,35833.0
309,40180,2006,37987.0
310,40180,2007,38260.0
311,40180,2008,40801.0
312,40180,2009,40145.0
313,40180,2010,41524.0
314,40180,2011,43901.0
315,40180,2012,44913.0
316,40180,2013,45465.0
317,40180,2014,46363.0
318,40180,2015,46127.0
319,40180,2016,46119.0
320,40180,2017,44746.0
321,40180,2018,44082.0
322,40180,2019,42036.0
323,40190,2001,102731.0
324,40190,2002,102300.0
325,40190,2003,98286.0
326,40190,2004,99223.0
327,40190,2005,107447.0
328,40190,2006,116514.0
329,40190,2007,115066.0
330,40190,2008,126024.0
331,40190,2009,130067.0
332,40190,2010,139920.0
333,40190,2011,142011.0
334,40190,2012,145055.0
335,40190,2013,71724.0
336,40190,2014,137197.0
337,40190,2015,142728.0
338,40190,2016,138422.0
339,40190,2017,128693.0
340,40190,2018,119951.0
341,40190,2019,115927.0
342,40200,2001,146523.0
343,40200,2002,140155.0
344,40200,2003,135591.0
345,40200,2004,132720.0
346,40200,2005,140233.0
347,40200,2006,153988.0
348,40200,2007,179077.0
349,40200,2008,187172.0
350,40200,2009,174849.0
351,40200,2010,173739.0
352,40200,2011,185506.0
353,40200,2012,192640.0
354,40200,2013,184598.0
355,40200,2014,186885.0
356,40200,2015,248033.0
357,40200,2016,250544.0
358,40200,2017,165650.0
359,40200,2018,29.0
360,40200,2019,0.0
361,40210,2001,14947.0
362,40210,2002,14474.0
363,40210,2003,7657.0
364,40210,2004,10874.0
365,40210,2005,19935.0
366,40210,2006,23571.0
367,40210,2007,27243.0
368,40210,2008,30675.0
369,40210,2009,31890.0
370,40210,2010,32264.0
371,40210,2011,35333.0
372,40210,2012,37661.0
373,40210,2013,38043.0
374,40210,2014,40601.0
375,40210,2015,41428.0
376,40210,2016,40396.0
377,40210,2017,39546.0
378,40210,2018,38824.0
379,40210,2019,38606.0
380,40220,2001,28294.0
381,40220,2002,26982.0
382,40220,2003,26564.0
383,40220,2004,26550.0
384,40220,2005,26178.0
385,40220,2006,29827.0
386,40220,2007,33194.0
387,40220,2008,37689.0
388,40220,2009,36360.0
389,40220,2010,39562.0
390,40220,2011,43885.0
391,40220,2012,47364.0
392,40220,2013,44996.0
393,40220,2014,46405.0
394,40220,2015,46312.0
395,40220,2016,44518.0
396,40220,2017,42763.0
397,40220,2018,41456.0
398,40220,2019,41212.0
399,40230,2001,119707.0
400,40230,2002,117911.0
401,40230,2003,125039.0
402,40230,2004,129000.0
403,40230,2005,140784.0
404,40230,2006,142546.0
405,40230,2007,124310.0
406,40230,2008,124512.0
407,40230,2009,115845.0
408,40230,2010,116560.0
409,40230,2011,117576.0
410,40230,2012,121390.0
411,40230,2013,119881.0
412,40230,2014,115510.0
413,40230,2015,120951.0
414,40230,2016,117943.0
415,40230,2017,117159.0
416,40230,2018,111281.0
417,40230,2019,103318.0
418,40240,2001,196094.0
419,40240,2002,208958.0
420,40240,2003,205398.0
421,40240,2004,185769.0
422,40240,2005,192570.0
423,40240,2006,200545.0
424,40240,2007,208741.0
425,40240,2008,220702.0
426,40240,2009,210082.0
427,40240,2010,213785.0
428,40240,2011,211156.0
429,40240,2012,206483.0
430,40240,2013,113049.0
431,40240,2014,201556.0
432,40240,2015,208989.0
433,40240,2016,196933.0
434,40240,2017,184426.0
435,40240,2018,176746.0
436,40240,2019,164656.0
437,40250,2001,39596.0
438,40250,2002,41328.0
439,40250,2003,42143.0
440,40250,2004,38965.0
441,40250,2005,39060.0
442,40250,2006,41084.0
443,40250,2007,42292.0
444,40250,2008,46368.0
445,40250,2009,45232.0
446,40250,2010,50941.0
447,40250,2011,56989.0
448,40250,2012,60595.0
449,40250,2013,59960.0
450,40250,2014,62692.0
451,40250,2015,65604.0
452,40250,2016,60097.0
453,40250,2017,52471.0
454,40250,2018,52612.0
455,40250,2019,48486.0
456,40260,2001,212617.0
457,40260,2002,218516.0
458,40260,2003,202178.0
459,40260,2004,188935.0
460,40260,2005,184367.0
461,40260,2006,209108.0
462,40260,2007,241811.0
463,40260,2008,247719.0
464,40260,2009,234995.0
465,40260,2010,236538.0
466,40260,2011,245540.0
467,40260,2012,255539.0
468,40260,2013,253630.0
469,40260,2014,257684.0
470,40260,2015,274650.0
471,40260,2016,262233.0
472,40260,2017,275541.0
473,40260,2018,314988.0
474,40260,2019,315266.0
475,40270,2001,31346.0
476,40270,2002,31880.0
477,40270,2003,31651.0
478,40270,2004,30113.0
479,40270,2005,30224.0
480,40270,2006,30574.0
481,40270,2007,28900.0
482,40270,2008,31129.0
483,40270,2009,31936.0
484,40270,2010,30427.0
485,40270,2011,31576.0
486,40270,2012,32132.0
487,40270,2013,31837.0
488,40270,2014,33620.0
489,40270,2015,33244.0
490,40270,2016,32628.0
491,40270,2017,32089.0
492,40270,2018,30964.0
493,40270,2019,29852.0
494,40280,2001,59875.0
495,40280,2002,57151.0
496,40280,2003,57063.0
497,40280,2004,55222.0
498,40280,2005,56836.0
499,40280,2006,60678.0
500,40280,2007,59488.0
501,40280,2008,66371.0
502,40280,2009,63915.0
503,40280,2010,63414.0
504,40280,2011,62231.0
505,40280,2012,63935.0
506,40280,2013,60818.0
507,40280,2014,62017.0
508,40280,2015,62579.0
509,40280,2016,53975.0
510,40280,2017,51854.0
511,40280,2018,52206.0
512,40280,2019,49387.0
513,40290,2001,44925.0
514,40290,2002,44669.0
515,40290,2003,44352.0
516,40290,2004,45220.0
517,40290,2005,45339.0
518,40290,2006,48950.0
519,40290,2007,46749.0
520,40290,2008,44236.0
521,40290,2009,40295.0
522,40290,2010,39292.0
523,40290,2011,41047.0
524,40290,2012,41533.0
525,40290,2013,61556.0
526,40290,2014,39945.0
527,40290,2015,36899.0
528,40290,2016,31391.0
529,40290,2017,30569.0
530,40290,2018,28569.0
531,40290,2019,25158.0
532,40300,2001,16215.0
533,40300,2002,16198.0
534,40300,2003,15687.0
535,40300,2004,15610.0
536,40300,2005,15682.0
537,40300,2006,18100.0
538,40300,2007,20534.0
539,40300,2008,22078.0
540,40300,2009,21653.0
541,40300,2010,22533.0
542,40300,2011,23694.0
543,40300,2012,24649.0
544,40300,2013,30928.0
545,40300,2014,26208.0
546,40300,2015,24761.0
547,40300,2016,22657.0
548,40300,2017,22237.0
549,40300,2018,21103.0
550,40300,2019,19330.0
551,40310,2001,78098.0
552,40310,2002,76868.0
553,40310,2003,76722.0
554,40310,2004,76419.0
555,40310,2005,80533.0
556,40310,2006,85590.0
557,40310,2007,84503.0
558,40310,2008,87126.0
559,40310,2009,82133.0
560,40310,2010,81765.0
561,40310,2011,85498.0
562,40310,2012,92142.0
563,40310,2013,96236.0
564,40310,2014,107815.0
565,40310,2015,111250.0
566,40310,2016,100180.0
567,40310,2017,96592.0
568,40310,2018,93283.0
569,40310,2019,90769.0
570,40320,2001,108837.0
571,40320,2002,109358.0
572,40320,2003,109410.0
573,40320,2004,110721.0
574,40320,2005,116289.0
575,40320,2006,120351.0
576,40320,2007,108862.0
577,40320,2008,123517.0
578,40320,2009,117718.0
579,40320,2010,132312.0
580,40320,2011,146005.0
581,40320,2012,154460.0
582,40320,2013,159431.0
583,40320,2014,171692.0
584,40320,2015,165958.0
585,40320,2016,160778.0
586,40320,2017,155948.0
587,40320,2018,156848.0
588,40320,2019,144654.0
589,40330,2001,241041.0
590,40330,2002,250919.0
591,40330,2003,264395.0
592,40330,2004,257925.0
593,40330,2005,274312.0
594,40330,2006,290414.0
595,40330,2007,243544.0
596,40330,2008,225726.0
597,40330,2009,268255.0
598,40330,2010,271498.0
599,40330,2011,292523.0
600,40330,2012,314496.0
601,40330,2013,319141.0
602,40330,2014,348737.0
603,40330,2015,362469.0
604,40330,2016,358557.0
605,40330,2017,338124.0
606,40330,2018,323871.0
607,40330,2019,315003.0
608,40340,2001,90546.0
609,40340,2002,95374.0
610,40340,2003,93622.0
611,40340,2004,90427.0
612,40340,2005,89910.0
613,40340,2006,90935.0
614,40340,2007,84907.0
615,40340,2008,88807.0
616,40340,2009,89465.0
617,40340,2010,91541.0
618,40340,2011,91154.0
619,40340,2012,78426.0
620,40340,2013,86634.0
621,40340,2014,98414.0
622,40340,2015,98191.0
623,40340,2016,96605.0
624,40340,2017,91178.0
625,40340,2018,88621.0
626,40340,2019,84463.0
627,40350,2001,95275.0
628,40350,2002,112506.0
629,40350,2003,116563.0
630,40350,2004,113749.0
631,40350,2005,117915.0
632,40350,2006,118084.0
633,40350,2007,107184.0
634,40350,2008,117247.0
635,40350,2009,111705.0
636,40350,2010,121798.0
637,40350,2011,137794.0
638,40350,2012,143879.0
639,40350,2013,142942.0
640,40350,2014,141259.0
641,40350,2015,139734.0
642,40350,2016,143796.0
643,40350,2017,141914.0
644,40350,2018,143518.0
645,40350,2019,144087.0
646,40360,2001,64131.0
647,40360,2002,62799.0
648,40360,2003,66760.0
649,40360,2004,64502.0
650,40360,2005,67892.0
651,40360,2006,70516.0
652,40360,2007,16784.0
653,40360,2008,59276.0
654,40360,2009,76419.0
655,40360,2010,74808.0
656,40360,2011,78563.0
657,40360,2012,84175.0
658,40360,2013,86988.0
659,40360,2014,88378.0
660,40360,2015,86893.0
661,40360,2016,93850.0
662,40360,2017,94820.0
663,40360,2018,93573.0
664,40360,2019,90411.0
665,40370,2001,216944.0
666,40370,2002,222102.0
667,40370,2003,218168.0
668,40370,2004,227053.0
669,40370,2005,242292.0
670,40370,2006,209963.0
671,40370,2007,176489.0
672,40370,2008,179513.0
673,40370,2009,164832.0
674,40370,2010,194585.0
675,40370,2011,213718.0
676,40370,2012,233844.0
677,40370,2013,264659.0
678,40370,2014,285983.0
679,40370,2015,302805.0
680,40370,2016,317080.0
681,40370,2017,326897.0
682,40370,2018,335988.0
683,40370,2019,348079.0
684,40380,2001,356019.0
685,40380,2002,342571.0
686,40380,2003,339878.0
687,40380,2004,338852.0
688,40380,2005,358780.0
689,40380,2006,385311.0
690,40380,2007,395866.0
691,40380,2008,438399.0
692,40380,2009,425635.0
693,40380,2010,430558.0
694,40380,2011,447790.0
695,40380,2012,470912.0
696,40380,2013,461963.0
697,40380,2014,464436.0
698,40380,2015,499756.0
699,40380,2016,497722.0
700,40380,2017,501878.0
701,40380,2018,504026.0
702,40380,2019,485897.0
703,40390,2001,87712.0
704,40390,2002,90374.0
705,40390,2003,90657.0
706,40390,2004,90799.0
707,40390,2005,93028.0
708,40390,2006,95100.0
709,40390,2007,97285.0
710,40390,2008,104088.0
711,40390,2009,96109.0
712,40390,2010,95508.0
713,40390,2011,97966.0
714,40390,2012,100353.0
715,40390,2013,96317.0
716,40390,2014,96420.0
717,40390,2015,94613.0
718,40390,2016,91789.0
719,40390,2017,87228.0
720,40390,2018,83567.0
721,40390,2019,77020.0
722,40400,2001,15739.0
723,40400,2002,16100.0
724,40400,2003,16548.0
725,40400,2004,16146.0
726,40400,2005,14997.0
727,40400,2006,15106.0
728,40400,2007,16414.0
729,40400,2008,18350.0
730,40400,2009,18636.0
731,40400,2010,18500.0
732,40400,2011,19471.0
733,40400,2012,20329.0
734,40400,2013,20484.0
735,40400,2014,21343.0
736,40400,2015,21445.0
737,40400,2016,23120.0
738,40400,2017,23538.0
739,40400,2018,23530.0
740,40400,2019,23003.0
741,40420,2001,19234.0
742,40420,2002,16233.0
743,40420,2003,13900.0
744,40420,2004,14892.0
745,40420,2005,21562.0
746,40420,2006,25710.0
747,40420,2007,27721.0
748,40420,2008,31425.0
749,40420,2009,30685.0
750,40420,2010,31437.0
751,40420,2011,33292.0
752,40420,2012,36938.0
753,40420,2013,35833.0
754,40420,2014,37390.0
755,40420,2015,37922.0
756,40420,2016,35496.0
757,40420,2017,33385.0
758,40420,2018,32116.0
759,40420,2019,30672.0
760,40430,2001,57358.0
761,40430,2002,60386.0
762,40430,2003,62716.0
763,40430,2004,63690.0
764,40430,2005,68036.0
765,40430,2006,70598.0
766,40430,2007,64378.0
767,40430,2008,69183.0
768,40430,2009,65018.0
769,40430,2010,71879.0
770,40430,2011,79531.0
771,40430,2012,86700.0
772,40430,2013,88454.0
773,40430,2014,93053.0
774,40430,2015,97835.0
775,40430,2016,99269.0
776,40430,2017,92747.0
777,40430,2018,87962.0
778,40430,2019,81707.0
779,40440,2001,17012.0
780,40440,2002,15234.0
781,40440,2003,11196.0
782,40440,2004,12571.0
783,40440,2005,21135.0
784,40440,2006,24952.0
785,40440,2007,27209.0
786,40440,2008,30861.0
787,40440,2009,30150.0
788,40440,2010,32470.0
789,40440,2011,34888.0
790,40440,2012,37671.0
791,40440,2013,37904.0
792,40440,2014,39019.0
793,40440,2015,43366.0
794,40440,2016,41311.0
795,40440,2017,37041.0
796,40440,2018,36234.0
797,40440,2019,35941.0
798,40450,2001,361485.0
799,40450,2002,356255.0
800,40450,2003,347435.0
801,40450,2004,346059.0
802,40450,2005,353756.0
803,40450,2006,360353.0
804,40450,2007,356801.0
805,40450,2008,364340.0
806,40450,2009,339079.0
807,40450,2010,335323.0
808,40450,2011,335000.0
809,40450,2012,331883.0
810,40450,2013,181533.0
811,40450,2014,305800.0
812,40450,2015,306351.0
813,40450,2016,289061.0
814,40450,2017,271762.0
815,40450,2018,252082.0
816,40450,2019,234902.0
817,40460,2001,131306.0
818,40460,2002,124760.0
819,40460,2003,123950.0
820,40460,2004,117753.0
821,40460,2005,117274.0
822,40460,2006,127013.0
823,40460,2007,128970.0
824,40460,2008,137009.0
825,40460,2009,135579.0
826,40460,2010,140710.0
827,40460,2011,150470.0
828,40460,2012,159731.0
829,40460,2013,160661.0
830,40460,2014,175022.0
831,40460,2015,174288.0
832,40460,2016,184935.0
833,40460,2017,187419.0
834,40460,2018,190704.0
835,40460,2019,186485.0
836,40470,2001,51812.0
837,40470,2002,53726.0
838,40470,2003,54382.0
839,40470,2004,53324.0
840,40470,2005,54721.0
841,40470,2006,54808.0
842,40470,2007,51594.0
843,40470,2008,53020.0
844,40470,2009,50764.0
845,40470,2010,53170.0
846,40470,2011,58531.0
847,40470,2012,60599.0
848,40470,2013,62643.0
849,40470,2014,63144.0
850,40470,2015,61135.0
851,40470,2016,56180.0
852,40470,2017,54630.0
853,40470,2018,56558.0
854,40470,2019,51891.0
855,40480,2001,34230.0
856,40480,2002,32549.0
857,40480,2003,31355.0
858,40480,2004,30680.0
859,40480,2005,33824.0
860,40480,2006,35560.0
861,40480,2007,37955.0
862,40480,2008,39645.0
863,40480,2009,38573.0
864,40480,2010,38454.0
865,40480,2011,38212.0
866,40480,2012,40323.0
867,40480,2013,38002.0
868,40480,2014,42798.0
869,40480,2015,41380.0
870,40480,2016,36503.0
871,40480,2017,34208.0
872,40480,2018,32792.0
873,40480,2019,30860.0
874,40490,2001,29333.0
875,40490,2002,29946.0
876,40490,2003,30051.0
877,40490,2004,33169.0
878,40490,2005,37977.0
879,40490,2006,39657.0
880,40490,2007,37200.0
881,40490,2008,43389.0
882,40490,2009,43124.0
883,40490,2010,49744.0
884,40490,2011,54903.0
885,40490,2012,57876.0
886,40490,2013,64833.0
887,40490,2014,67461.0
888,40490,2015,73653.0
889,40490,2016,72239.0
890,40490,2017,69729.0
891,40490,2018,73658.0
892,40490,2019,72143.0
893,40500,2001,181598.0
894,40500,2002,177313.0
895,40500,2003,186296.0
896,40500,2004,213941.0
897,40500,2005,253827.0
898,40500,2006,180418.0
899,40500,2007,25.0
900,40500,2008,10.0
901,40500,2009,0.0
902,40510,2001,21885.0
903,40510,2002,24935.0
904,40510,2003,27590.0
905,40510,2004,28284.0
906,40510,2005,32932.0
907,40510,2006,38708.0
908,40510,2007,40536.0
909,40510,2008,39716.0
910,40510,2009,35293.0
911,40510,2010,34169.0
912,40510,2011,34776.0
913,40510,2012,35519.0
914,40510,2013,188300.0
915,40510,2014,40331.0
916,40510,2015,39468.0
917,40510,2016,36047.0
918,40510,2017,35140.0
919,40510,2018,29016.0
920,40510,2019,26933.0
921,40520,2001,17552.0
922,40520,2002,17093.0
923,40520,2003,17051.0
924,40520,2004,17584.0
925,40520,2005,18031.0
926,40520,2006,18115.0
927,40520,2007,17715.0
928,40520,2008,19646.0
929,40520,2009,20487.0
930,40520,2010,21302.0
931,40520,2011,21877.0
932,40520,2012,22493.0
933,40520,2013,22216.0
934,40520,2014,22738.0
935,40520,2015,23566.0
936,40520,2016,24220.0
937,40520,2017,23054.0
938,40520,2018,21570.0
939,40520,2019,21062.0
940,40530,2001,107326.0
941,40530,2002,109326.0
942,40530,2003,110698.0
943,40530,2004,108038.0
944,40530,2005,114448.0
945,40530,2006,115756.0
946,40530,2007,50414.0
947,40530,2008,90864.0
948,40530,2009,131599.0
949,40530,2010,125689.0
950,40530,2011,136858.0
951,40530,2012,143757.0
952,40530,2013,150827.0
953,40530,2014,149092.0
954,40530,2015,143766.0
955,40530,2016,146405.0
956,40530,2017,140110.0
957,40530,2018,141492.0
958,40530,2019,137584.0
959,40540,2001,135762.0
960,40540,2002,136715.0
961,40540,2003,135492.0
962,40540,2004,128198.0
963,40540,2005,132039.0
964,40540,2006,139236.0
965,40540,2007,136665.0
966,40540,2008,139473.0
967,40540,2009,148304.0
968,40540,2010,160020.0
969,40540,2011,167568.0
970,40540,2012,175218.0
971,40540,2013,168071.0
972,40540,2014,164554.0
973,40540,2015,161661.0
974,40540,2016,155987.0
975,40540,2017,137541.0
976,40540,2018,171813.0
977,40540,2019,170282.0
978,40550,2001,92718.0
979,40550,2002,90584.0
980,40550,2003,90246.0
981,40550,2004,93694.0
982,40550,2005,100870.0
983,40550,2006,104542.0
984,40550,2007,99279.0
985,40550,2008,101671.0
986,40550,2009,100072.0
987,40550,2010,103258.0
988,40550,2011,106429.0
989,40550,2012,113926.0
990,40550,2013,116409.0
991,40550,2014,115696.0
992,40550,2015,119881.0
993,40550,2016,113326.0
994,40550,2017,111436.0
995,40550,2018,110441.0
996,40550,2019,106984.0
997,40560,2001,278902.0
998,40560,2002,295340.0
999,40560,2003,249522.0
1000,40560,2004,242715.0
1001,40560,2005,244856.0
1002,40560,2006,259693.0
1003,40560,2007,257566.0
1004,40560,2008,265607.0
1005,40560,2009,292943.0
1006,40560,2010,295309.0
1007,40560,2011,290555.0
1008,40560,2012,288094.0
1009,40560,2013,270532.0
1010,40560,2014,280110.0
1011,40560,2015,282498.0
1012,40560,2016,274704.0
1013,40560,2017,249566.0
1014,40560,2018,227219.0
1015,40560,2019,216799.0
1016,40570,2001,73660.0
1017,40570,2002,73906.0
1018,40570,2003,75027.0
1019,40570,2004,75940.0
1020,40570,2005,81499.0
1021,40570,2006,87912.0
1022,40570,2007,83826.0
1023,40570,2008,93861.0
1024,40570,2009,93814.0
1025,40570,2010,103413.0
1026,40570,2011,115661.0
1027,40570,2012,126125.0
1028,40570,2013,131278.0
1029,40570,2014,109130.0
1030,40570,2015,133733.0
1031,40570,2016,137802.0
1032,40570,2017,143970.0
1033,40570,2018,143967.0
1034,40570,2019,141872.0
1035,40580,2001,34688.0
1036,40580,2002,28585.0
1037,40580,2003,27001.0
1038,40580,2004,30721.0
1039,40580,2005,42771.0
1040,40580,2006,47076.0
1041,40580,2007,47340.0
1042,40580,2008,51746.0
1043,40580,2009,48798.0
1044,40580,2010,47952.0
1045,40580,2011,50347.0
1046,40580,2012,54230.0
1047,40580,2013,55337.0
1048,40580,2014,57825.0
1049,40580,2015,60547.0
1050,40580,2016,56456.0
1051,40580,2017,56439.0
1052,40580,2018,54544.0
1053,40580,2019,53964.0
1054,40590,2001,107514.0
1055,40590,2002,108278.0
1056,40590,2003,107558.0
1057,40590,2004,111590.0
1058,40590,2005,120325.0
1059,40590,2006,126444.0
1060,40590,2007,113382.0
1061,40590,2008,130354.0
1062,40590,2009,123120.0
1063,40590,2010,141737.0
1064,40590,2011,156903.0
1065,40590,2012,174014.0
1066,40590,2013,181391.0
1067,40590,2014,154740.0
1068,40590,2015,186089.0
1069,40590,2016,185532.0
1070,40590,2017,179640.0
1071,40590,2018,172656.0
1072,40590,2019,168596.0
1073,40600,2001,6586.0
1074,40600,2002,5423.0
1075,40600,2003,4742.0
1076,40600,2004,5882.0
1077,40600,2005,7535.0
1078,40600,2006,8933.0
1079,40600,2007,9536.0
1080,40600,2008,10911.0
1081,40600,2009,10658.0
1082,40600,2010,10767.0
1083,40600,2011,11229.0
1084,40600,2012,11766.0
1085,40600,2013,12951.0
1086,40600,2014,14480.0
1087,40600,2015,14527.0
1088,40600,2016,13611.0
1089,40600,2017,13125.0
1090,40600,2018,12518.0
1091,40600,2019,12003.0
1092,40610,2001,32389.0
1093,40610,2002,31662.0
1094,40610,2003,31190.0
1095,40610,2004,30253.0
1096,40610,2005,31514.0
1097,40610,2006,33080.0
1098,40610,2007,33348.0
1099,40610,2008,33875.0
1100,40610,2009,33366.0
1101,40610,2010,32864.0
1102,40610,2011,32861.0
1103,40610,2012,33435.0
1104,40610,2013,33079.0
1105,40610,2014,32608.0
1106,40610,2015,32783.0
1107,40610,2016,32495.0
1108,40610,2017,34264.0
1109,40610,2018,33586.0
1110,40610,2019,32233.0
1111,40630,2001,188378.0
1112,40630,2002,189462.0
1113,40630,2003,186366.0
1114,40630,2004,185587.0
1115,40630,2005,192464.0
1116,40630,2006,197650.0
1117,40630,2007,166512.0
1118,40630,2008,164749.0
1119,40630,2009,198353.0
1120,40630,2010,205826.0
1121,40630,2011,211955.0
1122,40630,2012,221387.0
1123,40630,2013,212880.0
1124,40630,2014,215318.0
1125,40630,2015,213913.0
1126,40630,2016,228966.0
1127,40630,2017,219191.0
1128,40630,2018,215451.0
1129,40630,2019,204415.0
1130,40640,2001,98468.0
1131,40640,2002,100689.0
1132,40640,2003,99230.0
1133,40640,2004,108304.0
1134,40640,2005,118882.0
1135,40640,2006,132585.0
1136,40640,2007,141486.0
1137,40640,2008,144274.0
1138,40640,2009,143146.0
1139,40640,2010,151218.0
1140,40640,2011,155812.0
1141,40640,2012,169745.0
1142,40640,2013,175907.0
1143,40640,2014,177338.0
1144,40640,2015,32870.0
1145,40640,2016,21.0
1146,40640,2017,11.0
1147,40640,2018,0.0
1148,40650,2001,101621.0
1149,40650,2002,105913.0
1150,40650,2003,105138.0
1151,40650,2004,110695.0
1152,40650,2005,118982.0
1153,40650,2006,121897.0
1154,40650,2007,109645.0
1155,40650,2008,103870.0
1156,40650,2009,121931.0
1157,40650,2010,128035.0
1158,40650,2011,150948.0
1159,40650,2012,155257.0
1160,40650,2013,159977.0
1161,40650,2014,170873.0
1162,40650,2015,178863.0
1163,40650,2016,177356.0
1164,40650,2017,162534.0
1165,40650,2018,155959.0
1166,40650,2019,148385.0
1167,40660,2001,79376.0
1168,40660,2002,81329.0
1169,40660,2003,82846.0
1170,40660,2004,80760.0
1171,40660,2005,86001.0
1172,40660,2006,90528.0
1173,40660,2007,87108.0
1174,40660,2008,94885.0
1175,40660,2009,97035.0
1176,40660,2010,97564.0
1177,40660,2011,106633.0
1178,40660,2012,112109.0
1179,40660,2013,110734.0
1180,40660,2014,110832.0
1181,40660,2015,103562.0
1182,40660,2016,111885.0
1183,40660,2017,109431.0
1184,40660,2018,107176.0
1185,40660,2019,103638.0
1186,40670,2001,73062.0
1187,40670,2002,80797.0
1188,40670,2003,83056.0
1189,40670,2004,88304.0
1190,40670,2005,95456.0
1191,40670,2006,99515.0
1192,40670,2007,96079.0
1193,40670,2008,107139.0
1194,40670,2009,103026.0
1195,40670,2010,109959.0
1196,40670,2011,118516.0
1197,40670,2012,127404.0
1198,40670,2013,130221.0
1199,40670,2014,161035.0
1200,40670,2015,140765.0
1201,40670,2016,135586.0
1202,40670,2017,133802.0
1203,40670,2018,136498.0
1204,40670,2019,137452.0
1205,40680,2001,180095.0
1206,40680,2002,172236.0
1207,40680,2003,166645.0
1208,40680,2004,164449.0
1209,40680,2005,170537.0
1210,40680,2006,183322.0
1211,40680,2007,210867.0
1212,40680,2008,214861.0
1213,40680,2009,194902.0
1214,40680,2010,185986.0
1215,40680,2011,186439.0
1216,40680,2012,188927.0
1217,40680,2013,181523.0
1218,40680,2014,177620.0
1219,40680,2015,232354.0
1220,40680,2016,234032.0
1221,40680,2017,214440.0
1222,40680,2018,185413.0
1223,40680,2019,173957.0
1224,40690,2001,18470.0
1225,40690,2002,19310.0
1226,40690,2003,19662.0
1227,40690,2004,19271.0
1228,40690,2005,19508.0
1229,40690,2006,20287.0
1230,40690,2007,19628.0
1231,40690,2008,21623.0
1232,40690,2009,22100.0
1233,40690,2010,21938.0
1234,40690,2011,22796.0
1235,40690,2012,22767.0
1236,40690,2013,23698.0
1237,40690,2014,25317.0
1238,40690,2015,24951.0
1239,40690,2016,23769.0
1240,40690,2017,23301.0
1241,40690,2018,22592.0
1242,40690,2019,21578.0
1243,40700,2001,32981.0
1244,40700,2002,31625.0
1245,40700,2003,30968.0
1246,40700,2004,31168.0
1247,40700,2005,33690.0
1248,40700,2006,37194.0
1249,40700,2007,36062.0
1250,40700,2008,36794.0
1251,40700,2009,35286.0
1252,40700,2010,37198.0
1253,40700,2011,36924.0
1254,40700,2012,37744.0
1255,40700,2013,37573.0
1256,40700,2014,38794.0
1257,40700,2015,38004.0
1258,40700,2016,36342.0
1259,40700,2017,31056.0
1260,40700,2018,30331.0
1261,40700,2019,28093.0
1262,40710,2001,95937.0
1263,40710,2002,95023.0
1264,40710,2003,94062.0
1265,40710,2004,95456.0
1266,40710,2005,100416.0
1267,40710,2006,105863.0
1268,40710,2007,124558.0
1269,40710,2008,137401.0
1270,40710,2009,127948.0
1271,40710,2010,139229.0
1272,40710,2011,156054.0
1273,40710,2012,169343.0
1274,40710,2013,166838.0
1275,40710,2014,173564.0
1276,40710,2015,166086.0
1277,40710,2016,165120.0
1278,40710,2017,165062.0
1279,40710,2018,173204.0
1280,40710,2019,166115.0
1281,40720,2001,36507.0
1282,40720,2002,35276.0
1283,40720,2003,33426.0
1284,40720,2004,30746.0
1285,40720,2005,32302.0
1286,40720,2006,35401.0
1287,40720,2007,33841.0
1288,40720,2008,33307.0
1289,40720,2009,31912.0
1290,40720,2010,32292.0
1291,40720,2011,34947.0
1292,40720,2012,35287.0
1293,40720,2013,47858.0
1294,40720,2014,36577.0
1295,40720,2015,34612.0
1296,40720,2016,31041.0
1297,40720,2017,29737.0
1298,40720,2018,26628.0
1299,40720,2019,25239.0
1300,40730,2001,153988.0
1301,40730,2002,154679.0
1302,40730,2003,147318.0
1303,40730,2004,142056.0
1304,40730,2005,149702.0
1305,40730,2006,161449.0
1306,40730,2007,156462.0
1307,40730,2008,158102.0
1308,40730,2009,155366.0
1309,40730,2010,150285.0
1310,40730,2011,158665.0
1311,40730,2012,171678.0
1312,40730,2013,169221.0
1313,40730,2014,171980.0
1314,40730,2015,178477.0
1315,40730,2016,191832.0
1316,40730,2017,184890.0
1317,40730,2018,181580.0
1318,40730,2019,184544.0
1319,40740,2001,12473.0
1320,40740,2002,11544.0
1321,40740,2003,11610.0
1322,40740,2004,11428.0
1323,40740,2005,16964.0
1324,40740,2006,20576.0
1325,40740,2007,23812.0
1326,40740,2008,26828.0
1327,40740,2009,26034.0
1328,40740,2010,27339.0
1329,40740,2011,28408.0
1330,40740,2012,29660.0
1331,40740,2013,30701.0
1332,40740,2014,32736.0
1333,40740,2015,33558.0
1334,40740,2016,30849.0
1335,40740,2017,30080.0
1336,40740,2018,29467.0
1337,40740,2019,27621.0
1338,40750,2001,66338.0
1339,40750,2002,65920.0
1340,40750,2003,68567.0
1341,40750,2004,69789.0
1342,40750,2005,70962.0
1343,40750,2006,72284.0
1344,40750,2007,64125.0
1345,40750,2008,63678.0
1346,40750,2009,64150.0
1347,40750,2010,67851.0
1348,40750,2011,70671.0
1349,40750,2012,75254.0
1350,40750,2013,76285.0
1351,40750,2014,77743.0
1352,40750,2015,79274.0
1353,40750,2016,75547.0
1354,40750,2017,74048.0
1355,40750,2018,74030.0
1356,40750,2019,70406.0
1357,40760,2001,90311.0
1358,40760,2002,93621.0
1359,40760,2003,92381.0
1360,40760,2004,88011.0
1361,40760,2005,91989.0
1362,40760,2006,96937.0
1363,40760,2007,91299.0
1364,40760,2008,92602.0
1365,40760,2009,97752.0
1366,40760,2010,104478.0
1367,40760,2011,107838.0
1368,40760,2012,96423.0
1369,40760,2013,111143.0
1370,40760,2014,118314.0
1371,40760,2015,117115.0
1372,40760,2016,114084.0
1373,40760,2017,108925.0
1374,40760,2018,106408.0
1375,40760,2019,100150.0
1376,40770,2001,73671.0
1377,40770,2002,72506.0
1378,40770,2003,71396.0
1379,40770,2004,71963.0
1380,40770,2005,77921.0
1381,40770,2006,83693.0
1382,40770,2007,80034.0
1383,40770,2008,87783.0
1384,40770,2009,89588.0
1385,40770,2010,92104.0
1386,40770,2011,93437.0
1387,40770,2012,81664.0
1388,40770,2013,90228.0
1389,40770,2014,95585.0
1390,40770,2015,94980.0
1391,40770,2016,95679.0
1392,40770,2017,95822.0
1393,40770,2018,86727.0
1394,40770,2019,81283.0
1395,40780,2001,9738.0
1396,40780,2002,6993.0
1397,40780,2003,3675.0
1398,40780,2004,8401.0
1399,40780,2005,14415.0
1400,40780,2006,19052.0
1401,40780,2007,22642.0
1402,40780,2008,25640.0
1403,40780,2009,26962.0
1404,40780,2010,28028.0
1405,40780,2011,29537.0
1406,40780,2012,33147.0
1407,40780,2013,34022.0
1408,40780,2014,34812.0
1409,40780,2015,35472.0
1410,40780,2016,32007.0
1411,40780,2017,30118.0
1412,40780,2018,30166.0
1413,40780,2019,28596.0
1414,40790,2001,133627.0
1415,40790,2002,130432.0
1416,40790,2003,131166.0
1417,40790,2004,126479.0
1418,40790,2005,128335.0
1419,40790,2006,136885.0
1420,40790,2007,130591.0
1421,40790,2008,142226.0
1422,40790,2009,131691.0
1423,40790,2010,137289.0
1424,40790,2011,151605.0
1425,40790,2012,164369.0
1426,40790,2013,174874.0
1427,40790,2014,176178.0
1428,40790,2015,186733.0
1429,40790,2016,193687.0
1430,40790,2017,196697.0
1431,40790,2018,194107.0
1432,40790,2019,189016.0
1433,40800,2001,58610.0
1434,40800,2002,62793.0
1435,40800,2003,63310.0
1436,40800,2004,68315.0
1437,40800,2005,74443.0
1438,40800,2006,77496.0
1439,40800,2007,74636.0
1440,40800,2008,88793.0
1441,40800,2009,88742.0
1442,40800,2010,94393.0
1443,40800,2011,100719.0
1444,40800,2012,108441.0
1445,40800,2013,105323.0
1446,40800,2014,103984.0
1447,40800,2015,95972.0
1448,40800,2016,104518.0
1449,40800,2017,101187.0
1450,40800,2018,98656.0
1451,40800,2019,96688.0
1452,40810,2001,51570.0
1453,40810,2002,55218.0
1454,40810,2003,57141.0
1455,40810,2004,58082.0
1456,40810,2005,55287.0
1457,40810,2006,58406.0
1458,40810,2007,58136.0
1459,40810,2008,63965.0
1460,40810,2009,67470.0
1461,40810,2010,75367.0
1462,40810,2011,82488.0
1463,40810,2012,88716.0
1464,40810,2013,88877.0
1465,40810,2014,88161.0
1466,40810,2015,85550.0
1467,40810,2016,78356.0
1468,40810,2017,60091.0
1469,40810,2018,56905.0
1470,40810,2019,65767.0
1471,40820,2001,130576.0
1472,40820,2002,123551.0
1473,40820,2003,124190.0
1474,40820,2004,126652.0
1475,40820,2005,132485.0
1476,40820,2006,137220.0
1477,40820,2007,124709.0
1478,40820,2008,134396.0
1479,40820,2009,109404.0
1480,40820,2010,114699.0
1481,40820,2011,126609.0
1482,40820,2012,144126.0
1483,40820,2013,157810.0
1484,40820,2014,174248.0
1485,40820,2015,175554.0
1486,40820,2016,171892.0
1487,40820,2017,169285.0
1488,40820,2018,171097.0
1489,40820,2019,164023.0
1490,40830,2001,21349.0
1491,40830,2002,20949.0
1492,40830,2003,20981.0
1493,40830,2004,19711.0
1494,40830,2005,26732.0
1495,40830,2006,30077.0
1496,40830,2007,33924.0
1497,40830,2008,38874.0
1498,40830,2009,40281.0
1499,40830,2010,42115.0
1500,40830,2011,46203.0
1501,40830,2012,48306.0
1502,40830,2013,49888.0
1503,40830,2014,53075.0
1504,40830,2015,54716.0
1505,40830,2016,51143.0
1506,40830,2017,49022.0
1507,40830,2018,47352.0
1508,40830,2019,45841.0
1509,40840,2001,21304.0
1510,40840,2002,20765.0
1511,40840,2003,19952.0
1512,40840,2004,18752.0
1513,40840,2005,18591.0
1514,40840,2006,19004.0
1515,40840,2007,18507.0
1516,40840,2008,19499.0
1517,40840,2009,19396.0
1518,40840,2010,19594.0
1519,40840,2011,20493.0
1520,40840,2012,21189.0
1521,40840,2013,20824.0
1522,40840,2014,21616.0
1523,40840,2015,21218.0
1524,40840,2016,20411.0
1525,40840,2017,19587.0
1526,40840,2018,19673.0
1527,40840,2019,19401.0
1528,40850,2001,56940.0
1529,40850,2002,59330.0
1530,40850,2003,58792.0
1531,40850,2004,53579.0
1532,40850,2005,57594.0
1533,40850,2006,71134.0
1534,40850,2007,92191.0
1535,40850,2008,112076.0
1536,40850,2009,104272.0
1537,40850,2010,104680.0
1538,40850,2011,108521.0
1539,40850,2012,111553.0
1540,40850,2013,104933.0
1541,40850,2014,103342.0
1542,40850,2015,101604.0
1543,40850,2016,99847.0
1544,40850,2017,96148.0
1545,40850,2018,91086.0
1546,40850,2019,89751.0
1547,40870,2001,27741.0
1548,40870,2002,27410.0
1549,40870,2003,27109.0
1550,40870,2004,26204.0
1551,40870,2005,25950.0
1552,40870,2006,23149.0
1553,40870,2007,21225.0
1554,40870,2008,29799.0
1555,40870,2009,32643.0
1556,40870,2010,34648.0
1557,40870,2011,35715.0
1558,40870,2012,37818.0
1559,40870,2013,39901.0
1560,40870,2014,39586.0
1561,40870,2015,39857.0
1562,40870,2016,41821.0
1563,40870,2017,42298.0
1564,40870,2018,41603.0
1565,40870,2019,40750.0
1566,40880,2001,77949.0
1567,40880,2002,78572.0
1568,40880,2003,73694.0
1569,40880,2004,69467.0
1570,40880,2005,70228.0
1571,40880,2006,74486.0
1572,40880,2007,72439.0
1573,40880,2008,75017.0
1574,40880,2009,73667.0
1575,40880,2010,74892.0
1576,40880,2011,78367.0
1577,40880,2012,72519.0
1578,40880,2013,79464.0
1579,40880,2014,82897.0
1580,40880,2015,84489.0
1581,40880,2016,85171.0
1582,40880,2017,82678.0
1583,40880,2018,81139.0
1584,40880,2019,77505.0
1585,40890,2001,240355.0
1586,40890,2002,234101.0
1587,40890,2003,235793.0
1588,40890,2004,253541.0
1589,40890,2005,270893.0
1590,40890,2006,280234.0
1591,40890,2007,271165.0
1592,40890,2008,247616.0
1593,40890,2009,249423.0
1594,40890,2010,260521.0
1595,40890,2011,277678.0
1596,40890,2012,294336.0
1597,40890,2013,290260.0
1598,40890,2014,293041.0
1599,40890,2015,337809.0
1600,40890,2016,333170.0
1601,40890,2017,327868.0
1602,40890,2018,331791.0
1603,40890,2019,317597.0
1604,40900,2001,165103.0
1605,40900,2002,154845.0
1606,40900,2003,153867.0
1607,40900,2004,153577.0
1608,40900,2005,160500.0
1609,40900,2006,164101.0
1610,40900,2007,158586.0
1611,40900,2008,160760.0
1612,40900,2009,159238.0
1613,40900,2010,166338.0
1614,40900,2011,169750.0
1615,40900,2012,179421.0
1616,40900,2013,172204.0
1617,40900,2014,170310.0
1618,40900,2015,184109.0
1619,40900,2016,158759.0
1620,40900,2017,153739.0
1621,40900,2018,145307.0
1622,40900,2019,137567.0
1623,40910,2001,97529.0
1624,40910,2002,94310.0
1625,40910,2003,87176.0
1626,40910,2004,81657.0
1627,40910,2005,82557.0
1628,40910,2006,83205.0
1629,40910,2007,90930.0
1630,40910,2008,101419.0
1631,40910,2009,98730.0
1632,40910,2010,98500.0
1633,40910,2011,95007.0
1634,40910,2012,95020.0
1635,40910,2013,52408.0
1636,40910,2014,93966.0
1637,40910,2015,86252.0
1638,40910,2016,87302.0
1639,40910,2017,81613.0
1640,40910,2018,81212.0
1641,40910,2019,78144.0
1642,40920,2001,34349.0
1643,40920,2002,34649.0
1644,40920,2003,34378.0
1645,40920,2004,34938.0
1646,40920,2005,33954.0
1647,40920,2006,35366.0
1648,40920,2007,35834.0
1649,40920,2008,38566.0
1650,40920,2009,39995.0
1651,40920,2010,47538.0
1652,40920,2011,50096.0
1653,40920,2012,53219.0
1654,40920,2013,52019.0
1655,40920,2014,53973.0
1656,40920,2015,52893.0
1657,40920,2016,51934.0
1658,40920,2017,47430.0
1659,40920,2018,45953.0
1660,40920,2019,47575.0
1661,40930,2001,196555.0
1662,40930,2002,199211.0
1663,40930,2003,207582.0
1664,40930,2004,211307.0
1665,40930,2005,222641.0
1666,40930,2006,233168.0
1667,40930,2007,233720.0
1668,40930,2008,230926.0
1669,40930,2009,224440.0
1670,40930,2010,217232.0
1671,40930,2011,221062.0
1672,40930,2012,236122.0
1673,40930,2013,231970.0
1674,40930,2014,233748.0
1675,40930,2015,237155.0
1676,40930,2016,234304.0
1677,40930,2017,228487.0
1678,40930,2018,218606.0
1679,40930,2019,206445.0
1680,40940,2001,19725.0
1681,40940,2002,19102.0
1682,40940,2003,17778.0
1683,40940,2004,15930.0
1684,40940,2005,17202.0
1685,40940,2006,16723.0
1686,40940,2007,18936.0
1687,40940,2008,21828.0
1688,40940,2009,21723.0
1689,40940,2010,22330.0
1690,40940,2011,23007.0
1691,40940,2012,23228.0
1692,40940,2013,39504.0
1693,40940,2014,22502.0
1694,40940,2015,20676.0
1695,40940,2016,17597.0
1696,40940,2017,16648.0
1697,40940,2018,14966.0
1698,40940,2019,13268.0
1699,40960,2001,121076.0
1700,40960,2002,123167.0
1701,40960,2003,122383.0
1702,40960,2004,119786.0
1703,40960,2005,121479.0
1704,40960,2006,124130.0
1705,40960,2007,125264.0
1706,40960,2008,127250.0
1707,40960,2009,115933.0
1708,40960,2010,116126.0
1709,40960,2011,123065.0
1710,40960,2012,131130.0
1711,40960,2013,127769.0
1712,40960,2014,128386.0
1713,40960,2015,132734.0
1714,40960,2016,131592.0
1715,40960,2017,128822.0
1716,40960,2018,125289.0
1717,40960,2019,122133.0
1718,40970,2001,28439.0
1719,40970,2002,28629.0
1720,40970,2003,27818.0
1721,40970,2004,27690.0
1722,40970,2005,26364.0
1723,40970,2006,28422.0
1724,40970,2007,30566.0
1725,40970,2008,31543.0
1726,40970,2009,31149.0
1727,40970,2010,33923.0
1728,40970,2011,36324.0
1729,40970,2012,38158.0
1730,40970,2013,37495.0
1731,40970,2014,40057.0
1732,40970,2015,40245.0
1733,40970,2016,39893.0
1734,40970,2017,36843.0
1735,40970,2018,34630.0
1736,40970,2019,34045.0
1737,40980,2001,21162.0
1738,40980,2002,21671.0
1739,40980,2003,21979.0
1740,40980,2004,21178.0
1741,40980,2005,22027.0
1742,40980,2006,23192.0
1743,40980,2007,23252.0
1744,40980,2008,25229.0
1745,40980,2009,24016.0
1746,40980,2010,25958.0
1747,40980,2011,27138.0
1748,40980,2012,28834.0
1749,40980,2013,28739.0
1750,40980,2014,30613.0
1751,40980,2015,32198.0
1752,40980,2016,31731.0
1753,40980,2017,31338.0
1754,40980,2018,31319.0
1755,40980,2019,28675.0
1756,40990,2001,182654.0
1757,40990,2002,171692.0
1758,40990,2003,161584.0
1759,40990,2004,163204.0
1760,40990,2005,159546.0
1761,40990,2006,156102.0
1762,40990,2007,159111.0
1763,40990,2008,164865.0
1764,40990,2009,155015.0
1765,40990,2010,158623.0
1766,40990,2011,156224.0
1767,40990,2012,156738.0
1768,40990,2013,84787.0
1769,40990,2014,150000.0
1770,40990,2015,155871.0
1771,40990,2016,148342.0
1772,40990,2017,138776.0
1773,40990,2018,130350.0
1774,40990,2019,118660.0
1775,41000,2001,80749.0
1776,41000,2002,84526.0
1777,41000,2003,89365.0
1778,41000,2004,93191.0
1779,41000,2005,102262.0
1780,41000,2006,109483.0
1781,41000,2007,103333.0
1782,41000,2008,112768.0
1783,41000,2009,102087.0
1784,41000,2010,106076.0
1785,41000,2011,118619.0
1786,41000,2012,134317.0
1787,41000,2013,74891.0
1788,41000,2014,130632.0
1789,41000,2015,128985.0
1790,41000,2016,129104.0
1791,41000,2017,125801.0
1792,41000,2018,121594.0
1793,41000,2019,121355.0
1794,41010,2001,32352.0
1795,41010,2002,32653.0
1796,41010,2003,33558.0
1797,41010,2004,33206.0
1798,41010,2005,33875.0
1799,41010,2006,18627.0
1800,41010,2007,36882.0
1801,41010,2008,37912.0
1802,41010,2009,40094.0
1803,41010,2010,41126.0
1804,41010,2011,43087.0
1805,41010,2012,44926.0
1806,41010,2013,47380.0
1807,41010,2014,47979.0
1808,41010,2015,47046.0
1809,41010,2016,48220.0
1810,41010,2017,46808.0
1811,41010,2018,43593.0
1812,41010,2019,44389.0
1813,41020,2001,115469.0
1814,41020,2002,115897.0
1815,41020,2003,115542.0
1816,41020,2004,116813.0
1817,41020,2005,126174.0
1818,41020,2006,135327.0
1819,41020,2007,129869.0
1820,41020,2008,142933.0
1821,41020,2009,139533.0
1822,41020,2010,150277.0
1823,41020,2011,162048.0
1824,41020,2012,174581.0
1825,41020,2013,183286.0
1826,41020,2014,190471.0
1827,41020,2015,192935.0
1828,41020,2016,191762.0
1829,41020,2017,188423.0
1830,41020,2018,192670.0
1831,41020,2019,188476.0
1832,41030,2001,51263.0
1833,41030,2002,54109.0
1834,41030,2003,57342.0
1835,41030,2004,57946.0
1836,41030,2005,68465.0
1837,41030,2006,70441.0
1838,41030,2007,70350.0
1839,41030,2008,75724.0
1840,41030,2009,75811.0
1841,41030,2010,74665.0
1842,41030,2011,75585.0
1843,41030,2012,79256.0
1844,41030,2013,78542.0
1845,41030,2014,79811.0
1846,41030,2015,82831.0
1847,41030,2016,77380.0
1848,41030,2017,74444.0
1849,41030,2018,74835.0
1850,41030,2019,72433.0
1851,41040,2001,8939.0
1852,41040,2002,6229.0
1853,41040,2003,2953.0
1854,41040,2004,6597.0
1855,41040,2005,11955.0
1856,41040,2006,15809.0
1857,41040,2007,18802.0
1858,41040,2008,21535.0
1859,41040,2009,22525.0
1860,41040,2010,23912.0
1861,41040,2011,25822.0
1862,41040,2012,28571.0
1863,41040,2013,28674.0
1864,41040,2014,30099.0
1865,41040,2015,31594.0
1866,41040,2016,29533.0
1867,41040,2017,28750.0
1868,41040,2018,27748.0
1869,41040,2019,27091.0
1870,41050,2001,30469.0
1871,41050,2002,29183.0
1872,41050,2003,29724.0
1873,41050,2004,29312.0
1874,41050,2005,29194.0
1875,41050,2006,27756.0
1876,41050,2007,26773.0
1877,41050,2008,28658.0
1878,41050,2009,27441.0
1879,41050,2010,26956.0
1880,41050,2011,26641.0
1881,41050,2012,25890.0
1882,41050,2013,24083.0
1883,41050,2014,24326.0
1884,41050,2015,26775.0
1885,41050,2016,26741.0
1886,41050,2017,25937.0
1887,41050,2018,25358.0
1888,41050,2019,24693.0
1889,41060,2001,32385.0
1890,41060,2002,34518.0
1891,41060,2003,34920.0
1892,41060,2004,33321.0
1893,41060,2005,34479.0
1894,41060,2006,35739.0
1895,41060,2007,37160.0
1896,41060,2008,39125.0
1897,41060,2009,37647.0
1898,41060,2010,37886.0
1899,41060,2011,40546.0
1900,41060,2012,42963.0
1901,41060,2013,44121.0
1902,41060,2014,41508.0
1903,41060,2015,43185.0
1904,41060,2016,43049.0
1905,41060,2017,41830.0
1906,41060,2018,40734.0
1907,41060,2019,39847.0
1908,41070,2001,31178.0
1909,41070,2002,30780.0
1910,41070,2003,29545.0
1911,41070,2004,28899.0
1912,41070,2005,30562.0
1913,41070,2006,32540.0
1914,41070,2007,33813.0
1915,41070,2008,35809.0
1916,41070,2009,35027.0
1917,41070,2010,37062.0
1918,41070,2011,37905.0
1919,41070,2012,38683.0
1920,41070,2013,42466.0
1921,41070,2014,42927.0
1922,41070,2015,43371.0
1923,41070,2016,41453.0
1924,41070,2017,37305.0
1925,41070,2018,39558.0
1926,41070,2019,34703.0
1927,41080,2001,31493.0
1928,41080,2002,29810.0
1929,41080,2003,29204.0
1930,41080,2004,27937.0
1931,41080,2005,30711.0
1932,41080,2006,34628.0
1933,41080,2007,35232.0
1934,41080,2008,34966.0
1935,41080,2009,34638.0
1936,41080,2010,34162.0
1937,41080,2011,34806.0
1938,41080,2012,36114.0
1939,41080,2013,47181.0
1940,41080,2014,38280.0
1941,41080,2015,36900.0
1942,41080,2016,32848.0
1943,41080,2017,31160.0
1944,41080,2018,29061.0
1945,41080,2019,26248.0
1946,41090,2001,181730.0
1947,41090,2002,171475.0
1948,41090,2003,168445.0
1949,41090,2004,155695.0
1950,41090,2005,154781.0
1951,41090,2006,177050.0
1952,41090,2007,219642.0
1953,41090,2008,227460.0
1954,41090,2009,238402.0
1955,41090,2010,235293.0
1956,41090,2011,234048.0
1957,41090,2012,245697.0
1958,41090,2013,253883.0
1959,41090,2014,268178.0
1960,41090,2015,290607.0
1961,41090,2016,287792.0
1962,41090,2017,273281.0
1963,41090,2018,258802.0
1964,41090,2019,241734.0
1965,41120,2001,47317.0
1966,41120,2002,49312.0
1967,41120,2003,50172.0
1968,41120,2004,47144.0
1969,41120,2005,53622.0
1970,41120,2006,63086.0
1971,41120,2007,61900.0
1972,41120,2008,57770.0
1973,41120,2009,52940.0
1974,41120,2010,52581.0
1975,41120,2011,54546.0
1976,41120,2012,59272.0
1977,41120,2013,102505.0
1978,41120,2014,58558.0
1979,41120,2015,55515.0
1980,41120,2016,48344.0
1981,41120,2017,45201.0
1982,41120,2018,43881.0
1983,41120,2019,40057.0
1984,41130,2001,57912.0
1985,41130,2002,56092.0
1986,41130,2003,57248.0
1987,41130,2004,57821.0
1988,41130,2005,59907.0
1989,41130,2006,62438.0
1990,41130,2007,62336.0
1991,41130,2008,64835.0
1992,41130,2009,61871.0
1993,41130,2010,60253.0
1994,41130,2011,64428.0
1995,41130,2012,68942.0
1996,41130,2013,74964.0
1997,41130,2014,75091.0
1998,41130,2015,72374.0
1999,41130,2016,71014.0
2000,41130,2017,67236.0
2001,41130,2018,64557.0
2002,41130,2019,63850.0
2003,41140,2001,18326.0
2004,41140,2002,16965.0
2005,41140,2003,17132.0
2006,41140,2004,16391.0
2007,41140,2005,17203.0
2008,41140,2006,18764.0
2009,41140,2007,17644.0
2010,41140,2008,16496.0
2011,41140,2009,15362.0
2012,41140,2010,15454.0
2013,41140,2011,16318.0
2014,41140,2012,17413.0
2015,41140,2013,23511.0
2016,41140,2014,17812.0
2017,41140,2015,17599.0
2018,41140,2016,16230.0
2019,41140,2017,14710.0
2020,41140,2018,13562.0
2021,41140,2019,11594.0
2022,41150,2001,72212.0
2023,41150,2002,69597.0
2024,41150,2003,69101.0
2025,41150,2004,69050.0
2026,41150,2005,73243.0
2027,41150,2006,76165.0
2028,41150,2007,76660.0
2029,41150,2008,79736.0
2030,41150,2009,75232.0
2031,41150,2010,74877.0
2032,41150,2011,79550.0
2033,41150,2012,85102.0
2034,41150,2013,87036.0
2035,41150,2014,77959.0
2036,41150,2015,77812.0
2037,41150,2016,89211.0
2038,41150,2017,88586.0
2039,41150,2018,86157.0
2040,41150,2019,84132.0
2041,41160,2001,41666.0
2042,41160,2002,38216.0
2043,41160,2003,37470.0
2044,41160,2004,41705.0
2045,41160,2005,53809.0
2046,41160,2006,67114.0
2047,41160,2007,85842.0
2048,41160,2008,102114.0
2049,41160,2009,98907.0
2050,41160,2010,100400.0
2051,41160,2011,107854.0
2052,41160,2012,104767.0
2053,41160,2013,104760.0
2054,41160,2014,98389.0
2055,41160,2015,101272.0
2056,41160,2016,100757.0
2057,41160,2017,99651.0
2058,41160,2018,103597.0
2059,41160,2019,105989.0
2060,41170,2001,119234.0
2061,41170,2002,111233.0
2062,41170,2003,110850.0
2063,41170,2004,107115.0
2064,41170,2005,105258.0
2065,41170,2006,104781.0
2066,41170,2007,106231.0
2067,41170,2008,111533.0
2068,41170,2009,110670.0
2069,41170,2010,111763.0
2070,41170,2011,108016.0
2071,41170,2012,105105.0
2072,41170,2013,57824.0
2073,41170,2014,101258.0
2074,41170,2015,104401.0
2075,41170,2016,98846.0
2076,41170,2017,91050.0
2077,41170,2018,85835.0
2078,41170,2019,78394.0
2079,41180,2001,41423.0
2080,41180,2002,41987.0
2081,41180,2003,41284.0
2082,41180,2004,38506.0
2083,41180,2005,39144.0
2084,41180,2006,41290.0
2085,41180,2007,50067.0
2086,41180,2008,45592.0
2087,41180,2009,47539.0
2088,41180,2010,49273.0
2089,41180,2011,50890.0
2090,41180,2012,52972.0
2091,41180,2013,57298.0
2092,41180,2014,56130.0
2093,41180,2015,53798.0
2094,41180,2016,54603.0
2095,41180,2017,52905.0
2096,41180,2018,53049.0
2097,41180,2019,51497.0
2098,41190,2001,40102.0
2099,41190,2002,38938.0
2100,41190,2003,38492.0
2101,41190,2004,36144.0
2102,41190,2005,34545.0
2103,41190,2006,35295.0
2104,41190,2007,36218.0
2105,41190,2008,41652.0
2106,41190,2009,41235.0
2107,41190,2010,40374.0
2108,41190,2011,41446.0
2109,41190,2012,39110.0
2110,41190,2013,44003.0
2111,41190,2014,47635.0
2112,41190,2015,48454.0
2113,41190,2016,47449.0
2114,41190,2017,44778.0
2115,41190,2018,41929.0
2116,41190,2019,39955.0
2117,41200,2001,74766.0
2118,41200,2002,73645.0
2119,41200,2003,70365.0
2120,41200,2004,67010.0
2121,41200,2005,68236.0
2122,41200,2006,70403.0
2123,41200,2007,65031.0
2124,41200,2008,68265.0
2125,41200,2009,71017.0
2126,41200,2010,72979.0
2127,41200,2011,76964.0
2128,41200,2012,72311.0
2129,41200,2013,81342.0
2130,41200,2014,89947.0
2131,41200,2015,89885.0
2132,41200,2016,88295.0
2133,41200,2017,84256.0
2134,41200,2018,84049.0
2135,41200,2019,80844.0
2136,41210,2001,58873.0
2137,41210,2002,59553.0
2138,41210,2003,58483.0
2139,41210,2004,57254.0
2140,41210,2005,60505.0
2141,41210,2006,61773.0
2142,41210,2007,82582.0
2143,41210,2008,23999.0
2144,41210,2009,21922.0
2145,41210,2010,61288.0
2146,41210,2011,70067.0
2147,41210,2012,74756.0
2148,41210,2013,77292.0
2149,41210,2014,78066.0
2150,41210,2015,75714.0
2151,41210,2016,78493.0
2152,41210,2017,77488.0
2153,41210,2018,75743.0
2154,41210,2019,74927.0
2155,41220,2001,261210.0
2156,41220,2002,268821.0
2157,41220,2003,271196.0
2158,41220,2004,270190.0
2159,41220,2005,278804.0
2160,41220,2006,288641.0
2161,41220,2007,291390.0
2162,41220,2008,296978.0
2163,41220,2009,307857.0
2164,41220,2010,332047.0
2165,41220,2011,354378.0
2166,41220,2012,368279.0
2167,41220,2013,359510.0
2168,41220,2014,346242.0
2169,41220,2015,352811.0
2170,41220,2016,341563.0
2171,41220,2017,319186.0
2172,41220,2018,312610.0
2173,41220,2019,309962.0
2174,41230,2001,69443.0
2175,41230,2002,80074.0
2176,41230,2003,78701.0
2177,41230,2004,76244.0
2178,41230,2005,76279.0
2179,41230,2006,74530.0
2180,41230,2007,76483.0
2181,41230,2008,83566.0
2182,41230,2009,85268.0
2183,41230,2010,90319.0
2184,41230,2011,90228.0
2185,41230,2012,88767.0
2186,41230,2013,47823.0
2187,41230,2014,86553.0
2188,41230,2015,91003.0
2189,41230,2016,87100.0
2190,41230,2017,75792.0
2191,41230,2018,77636.0
2192,41230,2019,72488.0
2193,41240,2001,61929.0
2194,41240,2002,61211.0
2195,41240,2003,60618.0
2196,41240,2004,61884.0
2197,41240,2005,64241.0
2198,41240,2006,64334.0
2199,41240,2007,61631.0
2200,41240,2008,64393.0
2201,41240,2009,61477.0
2202,41240,2010,62637.0
2203,41240,2011,66028.0
2204,41240,2012,70875.0
2205,41240,2013,73325.0
2206,41240,2014,73019.0
2207,41240,2015,79146.0
2208,41240,2016,72064.0
2209,41240,2017,73945.0
2210,41240,2018,75805.0
2211,41240,2019,72668.0
2212,41250,2001,24747.0
2213,41250,2002,23869.0
2214,41250,2003,23751.0
2215,41250,2004,23284.0
2216,41250,2005,23324.0
2217,41250,2006,22339.0
2218,41250,2007,21144.0
2219,41250,2008,23543.0
2220,41250,2009,22099.0
2221,41250,2010,22041.0
2222,41250,2011,22979.0
2223,41250,2012,22856.0
2224,41250,2013,22391.0
2225,41250,2014,22124.0
2226,41250,2015,21710.0
2227,41250,2016,21869.0
2228,41250,2017,20950.0
2229,41250,2018,20856.0
2230,41250,2019,20297.0
2231,41260,2001,45462.0
2232,41260,2002,47923.0
2233,41260,2003,47882.0
2234,41260,2004,46204.0
2235,41260,2005,48159.0
2236,41260,2006,51189.0
2237,41260,2007,53613.0
2238,41260,2008,54481.0
2239,41260,2009,53309.0
2240,41260,2010,51644.0
2241,41260,2011,52465.0
2242,41260,2012,52884.0
2243,41260,2013,51521.0
2244,41260,2014,53616.0
2245,41260,2015,53567.0
2246,41260,2016,49842.0
2247,41260,2017,49418.0
2248,41260,2018,46631.0
2249,41260,2019,44014.0
2250,41270,2001,20666.0
2251,41270,2002,19900.0
2252,41270,2003,20760.0
2253,41270,2004,20697.0
2254,41270,2005,22074.0
2255,41270,2006,24120.0
2256,41270,2007,24962.0
2257,41270,2008,25201.0
2258,41270,2009,24798.0
2259,41270,2010,25984.0
2260,41270,2011,26717.0
2261,41270,2012,27761.0
2262,41270,2013,34358.0
2263,41270,2014,30274.0
2264,41270,2015,29524.0
2265,41270,2016,27792.0
2266,41270,2017,26519.0
2267,41270,2018,25919.0
2268,41270,2019,23785.0
2269,41280,2001,169102.0
2270,41280,2002,155101.0
2271,41280,2003,154462.0
2272,41280,2004,155989.0
2273,41280,2005,159571.0
2274,41280,2006,163604.0
2275,41280,2007,154469.0
2276,41280,2008,160894.0
2277,41280,2009,152525.0
2278,41280,2010,151355.0
2279,41280,2011,164081.0
2280,41280,2012,172784.0
2281,41280,2013,175565.0
2282,41280,2014,178002.0
2283,41280,2015,181097.0
2284,41280,2016,181894.0
2285,41280,2017,174968.0
2286,41280,2018,163253.0
2287,41280,2019,158034.0
2288,41290,2001,103514.0
2289,41290,2002,98566.0
2290,41290,2003,96991.0
2291,41290,2004,90956.0
2292,41290,2005,90515.0
2293,41290,2006,71005.0
2294,41290,2007,84588.0
2295,41290,2008,93700.0
2296,41290,2009,98779.0
2297,41290,2010,102612.0
2298,41290,2011,108040.0
2299,41290,2012,110319.0
2300,41290,2013,106497.0
2301,41290,2014,110974.0
2302,41290,2015,108734.0
2303,41290,2016,109404.0
2304,41290,2017,104701.0
2305,41290,2018,102751.0
2306,41290,2019,100424.0
2307,41300,2001,132276.0
2308,41300,2002,135663.0
2309,41300,2003,131630.0
2310,41300,2004,130034.0
2311,41300,2005,133257.0
2312,41300,2006,132202.0
2313,41300,2007,124225.0
2314,41300,2008,131156.0
2315,41300,2009,138337.0
2316,41300,2010,143935.0
2317,41300,2011,147141.0
2318,41300,2012,153429.0
2319,41300,2013,151264.0
2320,41300,2014,152307.0
2321,41300,2015,151782.0
2322,41300,2016,148649.0
2323,41300,2017,141817.0
2324,41300,2018,140007.0
2325,41300,2019,138617.0
2326,41310,2001,51560.0
2327,41310,2002,52774.0
2328,41310,2003,53589.0
2329,41310,2004,51568.0
2330,41310,2005,53353.0
2331,41310,2006,56418.0
2332,41310,2007,86640.0
2333,41310,2008,17381.0
2334,41310,2009,41464.0
2335,41310,2010,60523.0
2336,41310,2011,63764.0
2337,41310,2012,67461.0
2338,41310,2013,73071.0
2339,41310,2014,72914.0
2340,41310,2015,71839.0
2341,41310,2016,72128.0
2342,41310,2017,71095.0
2343,41310,2018,71247.0
2344,41310,2019,70806.0
2345,41320,2001,268443.0
2346,41320,2002,273385.0
2347,41320,2003,271830.0
2348,41320,2004,269570.0
2349,41320,2005,280198.0
2350,41320,2006,288173.0
2351,41320,2007,284205.0
2352,41320,2008,318662.0
2353,41320,2009,324825.0
2354,41320,2010,326078.0
2355,41320,2011,350829.0
2356,41320,2012,372492.0
2357,41320,2013,365639.0
2358,41320,2014,366489.0
2359,41320,2015,362780.0
2360,41320,2016,357855.0
2361,41320,2017,334199.0
2362,41320,2018,317794.0
2363,41320,2019,312097.0
2364,41330,2001,48165.0
2365,41330,2002,47248.0
2366,41330,2003,45854.0
2367,41330,2004,45795.0
2368,41330,2005,47912.0
2369,41330,2006,48583.0
2370,41330,2007,45923.0
2371,41330,2008,45424.0
2372,41330,2009,46725.0
2373,41330,2010,50451.0
2374,41330,2011,54574.0
2375,41330,2012,59787.0
2376,41330,2013,61784.0
2377,41330,2014,64073.0
2378,41330,2015,65387.0
2379,41330,2016,62096.0
2380,41330,2017,66085.0
2381,41330,2018,68208.0
2382,41330,2019,63966.0
2383,41340,2001,50055.0
2384,41340,2002,51914.0
2385,41340,2003,54348.0
2386,41340,2004,52652.0
2387,41340,2005,56880.0
2388,41340,2006,64895.0
2389,41340,2007,62996.0
2390,41340,2008,67932.0
2391,41340,2009,61932.0
2392,41340,2010,64880.0
2393,41340,2011,70567.0
2394,41340,2012,74944.0
2395,41340,2013,76120.0
2396,41340,2014,75649.0
2397,41340,2015,78148.0
2398,41340,2016,81792.0
2399,41340,2017,77304.0
2400,41340,2018,74780.0
2401,41340,2019,72778.0
2402,41350,2001,35024.0
2403,41350,2002,35086.0
2404,41350,2003,34141.0
2405,41350,2004,34027.0
2406,41350,2005,36532.0
2407,41350,2006,39347.0
2408,41350,2007,41484.0
2409,41350,2008,44170.0
2410,41350,2009,41830.0
2411,41350,2010,40596.0
2412,41350,2011,39808.0
2413,41350,2012,40781.0
2414,41350,2013,40696.0
2415,41350,2014,42560.0
2416,41350,2015,42071.0
2417,41350,2016,39345.0
2418,41350,2017,39934.0
2419,41350,2018,39561.0
2420,41350,2019,38615.0
2421,41360,2001,20660.0
2422,41360,2002,19597.0
2423,41360,2003,20850.0
2424,41360,2004,21551.0
2425,41360,2005,22515.0
2426,41360,2006,24704.0
2427,41360,2007,26162.0
2428,41360,2008,28359.0
2429,41360,2009,27462.0
2430,41360,2010,28977.0
2431,41360,2011,29136.0
2432,41360,2012,29198.0
2433,41360,2013,28444.0
2434,41360,2014,30498.0
2435,41360,2015,30613.0
2436,41360,2016,28331.0
2437,41360,2017,25927.0
2438,41360,2018,26528.0
2439,41360,2019,25566.0
2440,41380,2001,118691.0
2441,41380,2002,118432.0
2442,41380,2003,115302.0
2443,41380,2004,110816.0
2444,41380,2005,112993.0
2445,41380,2006,120800.0
2446,41380,2007,114100.0
2447,41380,2008,116858.0
2448,41380,2009,121037.0
2449,41380,2010,125900.0
2450,41380,2011,132470.0
2451,41380,2012,138242.0
2452,41380,2013,134840.0
2453,41380,2014,133524.0
2454,41380,2015,133820.0
2455,41380,2016,131288.0
2456,41380,2017,125801.0
2457,41380,2018,124426.0
2458,41380,2019,115850.0
2459,41400,2001,166155.0
2460,41400,2002,179185.0
2461,41400,2003,165397.0
2462,41400,2004,171808.0
2463,41400,2005,196952.0
2464,41400,2006,220985.0
2465,41400,2007,230078.0
2466,41400,2008,252970.0
2467,41400,2009,269128.0
2468,41400,2010,286737.0
2469,41400,2011,303795.0
2470,41400,2012,317627.0
2471,41400,2013,332674.0
2472,41400,2014,328482.0
2473,41400,2015,318001.0
2474,41400,2016,317196.0
2475,41400,2017,311318.0
2476,41400,2018,296247.0
2477,41400,2019,288909.0
2478,41410,2001,54300.0
2479,41410,2002,59564.0
2480,41410,2003,60572.0
2481,41410,2004,62983.0
2482,41410,2005,67713.0
2483,41410,2006,70602.0
2484,41410,2007,68996.0
2485,41410,2008,81174.0
2486,41410,2009,79161.0
2487,41410,2010,89407.0
2488,41410,2011,98082.0
2489,41410,2012,106467.0
2490,41410,2013,112215.0
2491,41410,2014,109120.0
2492,41410,2015,112889.0
2493,41410,2016,108143.0
2494,41410,2017,105648.0
2495,41410,2018,102649.0
2496,41410,2019,98539.0
2497,41420,2001,176254.0
2498,41420,2002,179266.0
2499,41420,2003,197934.0
2500,41420,2004,193507.0
2501,41420,2005,201269.0
2502,41420,2006,206645.0
2503,41420,2007,217796.0
2504,41420,2008,216955.0
2505,41420,2009,228911.0
2506,41420,2010,238889.0
2507,41420,2011,243556.0
2508,41420,2012,251614.0
2509,41420,2013,242578.0
2510,41420,2014,240406.0
2511,41420,2015,252898.0
2512,41420,2016,263510.0
2513,41420,2017,247658.0
2514,41420,2018,236012.0
2515,41420,2019,216448.0
2516,41430,2001,141590.0
2517,41430,2002,137365.0
2518,41430,2003,135402.0
2519,41430,2004,128013.0
2520,41430,2005,131000.0
2521,41430,2006,121757.0
2522,41430,2007,133087.0
2523,41430,2008,136212.0
2524,41430,2009,135054.0
2525,41430,2010,137804.0
2526,41430,2011,135416.0
2527,41430,2012,132461.0
2528,41430,2013,70050.0
2529,41430,2014,125530.0
2530,41430,2015,126371.0
2531,41430,2016,117381.0
2532,41430,2017,110046.0
2533,41430,2018,107238.0
2534,41430,2019,98894.0
2535,41440,2001,43851.0
2536,41440,2002,43300.0
2537,41440,2003,44117.0
2538,41440,2004,44665.0
2539,41440,2005,46274.0
2540,41440,2006,43407.0
2541,41440,2007,3749.0
2542,41440,2008,77199.0
2543,41440,2009,60557.0
2544,41440,2010,56104.0
2545,41440,2011,59352.0
2546,41440,2012,61879.0
2547,41440,2013,63396.0
2548,41440,2014,63409.0
2549,41440,2015,61337.0
2550,41440,2016,64297.0
2551,41440,2017,61944.0
2552,41440,2018,60570.0
2553,41440,2019,60356.0
2554,41450,2001,351895.0
2555,41450,2002,383559.0
2556,41450,2003,380763.0
2557,41450,2004,362852.0
2558,41450,2005,379036.0
2559,41450,2006,395899.0
2560,41450,2007,332510.0
2561,41450,2008,321420.0
2562,41450,2009,377578.0
2563,41450,2010,405083.0
2564,41450,2011,428271.0
2565,41450,2012,443312.0
2566,41450,2013,426639.0
2567,41450,2014,438333.0
2568,41450,2015,438545.0
2569,41450,2016,438564.0
2570,41450,2017,408508.0
2571,41450,2018,388271.0
2572,41450,2019,375154.0
2573,41460,2001,56808.0
2574,41460,2002,55659.0
2575,41460,2003,55862.0
2576,41460,2004,52033.0
2577,41460,2005,56416.0
2578,41460,2006,61262.0
2579,41460,2007,70373.0
2580,41460,2008,2465.0
2581,41460,2009,57959.0
2582,41460,2010,65977.0
2583,41460,2011,72774.0
2584,41460,2012,77084.0
2585,41460,2013,80703.0
2586,41460,2014,82940.0
2587,41460,2015,80220.0
2588,41460,2016,81723.0
2589,41460,2017,81987.0
2590,41460,2018,82204.0
2591,41460,2019,78945.0
2592,41480,2001,85713.0
2593,41480,2002,83354.0
2594,41480,2003,82460.0
2595,41480,2004,79833.0
2596,41480,2005,82258.0
2597,41480,2006,99060.0
2598,41480,2007,86627.0
2599,41480,2008,98135.0
2600,41480,2009,96672.0
2601,41480,2010,99986.0
2602,41480,2011,104089.0
2603,41480,2012,109709.0
2604,41480,2013,113552.0
2605,41480,2014,114597.0
2606,41480,2015,111274.0
2607,41480,2016,109692.0
2608,41480,2017,107106.0
2609,41480,2018,105564.0
2610,41480,2019,104838.0
2611,41490,2001,63629.0
2612,41490,2002,65951.0
2613,41490,2003,64850.0
2614,41490,2004,74197.0
2615,41490,2005,88973.0
2616,41490,2006,91304.0
2617,41490,2007,80343.0
2618,41490,2008,79250.0
2619,41490,2009,91844.0
2620,41490,2010,105988.0
2621,41490,2011,113709.0
2622,41490,2012,117979.0
2623,41490,2013,115975.0
2624,41490,2014,112401.0
2625,41490,2015,124780.0
2626,41490,2016,122866.0
2627,41490,2017,113240.0
2628,41490,2018,108396.0
2629,41490,2019,101043.0
2630,41500,2001,50426.0
2631,41500,2002,50310.0
2632,41500,2003,49856.0
2633,41500,2004,50102.0
2634,41500,2005,52645.0
2635,41500,2006,50674.0
2636,41500,2007,6302.0
2637,41500,2008,74868.0
2638,41500,2009,57948.0
2639,41500,2010,59838.0
2640,41500,2011,65580.0
2641,41500,2012,69477.0
2642,41500,2013,73696.0
2643,41500,2014,73405.0
2644,41500,2015,71858.0
2645,41500,2016,73341.0
2646,41500,2017,72679.0
2647,41500,2018,68828.0
2648,41500,2019,66130.0
2649,41510,2012,36118.0
2650,41510,2013,50098.0
2651,41510,2014,58781.0
2652,41510,2015,67176.0
2653,41510,2016,72419.0
2654,41510,2017,75739.0
2655,41510,2018,87197.0
2656,41510,2019,92091.0
2657,41580,2001,27.0
2658,41660,2001,339155.0
2659,41660,2002,346304.0
2660,41660,2003,328082.0
2661,41660,2004,265697.0
2662,41660,2005,199830.0
2663,41660,2006,309580.0
2664,41660,2007,353112.0
2665,41660,2008,351837.0
2666,41660,2009,413460.0
2667,41660,2010,444506.0
2668,41660,2011,461175.0
2669,41660,2012,479204.0
2670,41660,2013,482728.0
2671,41660,2014,544744.0
2672,41660,2015,584281.0
2673,41660,2016,584492.0
2674,41660,2017,554200.0
2675,41660,2018,550408.0
2676,41660,2019,537570.0
2677,41670,2001,10465.0
2678,41670,2002,18045.0
2679,41670,2003,15235.0
2680,41670,2004,16081.0
2681,41670,2005,16863.0
2682,41670,2006,19950.0
2683,41670,2007,21645.0
2684,41670,2008,21100.0
2685,41670,2009,22403.0
2686,41670,2010,24070.0
2687,41670,2011,25168.0
2688,41670,2012,25069.0
2689,41670,2013,23944.0
2690,41670,2014,25799.0
2691,41670,2015,27320.0
2692,41670,2016,25371.0
2693,41670,2017,23674.0
2694,41670,2018,24690.0
2695,41670,2019,23227.0
2696,41680,2012,19305.0
2697,41680,2013,23610.0
2698,41680,2014,25094.0
2699,41680,2015,12490.0
2700,41680,2016,23042.0
2701,41680,2017,24591.0
2702,41680,2018,23919.0
2703,41680,2019,22913.0
2704,41690,2015,32566.0
2705,41690,2016,37669.0
2706,41690,2017,39699.0
2707,41690,2018,45288.0
2708,41690,2019,47060.0
2709,41700,2017,203398.0
2710,41700,2018,264907.0
2711,41700,2019,260506.0
